suite,case,metric,median_ms,interval_lower_ms,interval_upper_ms,coverage
direct,129/flush-lru64,cpu_p50_ms,27.617520499999998,26.748874999999998,37.124792,0.978515625
direct,129/flush-lru64,cpu_p95_ms,28.699833499999997,27.314791000000003,63.546666,0.978515625
direct,129/flush-lru64,cpu_p99_ms,29.956271,27.404417,69.47795900000001,0.978515625
direct,129/flush-lru64,completed_p50_ms,28.243083,27.461917,40.19,0.978515625
direct,129/flush-lru64,completed_p95_ms,29.455979,28.001334,64.366541,0.978515625
direct,129/flush-lru64,completed_p99_ms,30.638645500000003,28.3595,73.33566699999999,0.978515625
direct,129/pr343,cpu_p50_ms,53.023354499999996,52.014167,55.627583,0.978515625
direct,129/pr343,cpu_p95_ms,54.9841665,52.692208,58.438917,0.978515625
direct,129/pr343,cpu_p99_ms,56.088375,52.9985,67.53049999999999,0.978515625
direct,129/pr343,completed_p50_ms,53.804916500000004,52.71275,56.299917,0.978515625
direct,129/pr343,completed_p95_ms,55.953728999999996,53.501167,58.919083,0.978515625
direct,129/pr343,completed_p99_ms,56.8503125,53.893291000000005,68.11666600000001,0.978515625
direct,129/strict-lru128,cpu_p50_ms,53.4918755,52.399,65.550667,0.978515625
direct,129/strict-lru128,cpu_p95_ms,54.528104,53.056542,103.051542,0.978515625
direct,129/strict-lru128,cpu_p99_ms,56.4599585,53.208708,115.125125,0.978515625
direct,129/strict-lru128,completed_p50_ms,54.180896000000004,53.109667,66.935458,0.978515625
direct,129/strict-lru128,completed_p95_ms,55.2567295,53.705792,105.124292,0.978515625
direct,129/strict-lru128,completed_p99_ms,57.15216649999999,53.975042,117.081042,0.978515625
direct,129/upstream,cpu_p50_ms,53.662437999999995,52.506249999999994,56.745375,0.978515625
direct,129/upstream,cpu_p95_ms,54.9988965,53.048375,61.357083,0.978515625
direct,129/upstream,cpu_p99_ms,57.1926245,53.455208,76.85725000000001,0.978515625
direct,129/upstream,completed_p50_ms,54.410812500000006,53.239458000000006,57.390459,0.978515625
direct,129/upstream,completed_p95_ms,55.741333,53.887,62.180541999999996,0.978515625
direct,129/upstream,completed_p99_ms,57.862041500000004,54.212999999999994,77.642916,0.978515625
direct,63/flush-lru64,cpu_p50_ms,0.11116699999999999,0.108125,0.449541,0.978515625
direct,63/flush-lru64,cpu_p95_ms,0.147063,0.126375,0.632541,0.978515625
direct,63/flush-lru64,cpu_p99_ms,0.19724999999999998,0.166667,0.7209169999999999,0.978515625
direct,63/flush-lru64,completed_p50_ms,0.3825415,0.349666,1.009542,0.978515625
direct,63/flush-lru64,completed_p95_ms,0.7338330000000001,0.633375,2.113958,0.978515625
direct,63/flush-lru64,completed_p99_ms,1.1780415,0.934917,2.655958,0.978515625
direct,63/pr343,cpu_p50_ms,0.11110400000000001,0.108834,0.166083,0.978515625
direct,63/pr343,cpu_p95_ms,0.1448745,0.126542,0.50825,0.978515625
direct,63/pr343,cpu_p99_ms,0.22599999999999998,0.159,0.776,0.978515625
direct,63/pr343,completed_p50_ms,0.3668545,0.317709,0.668375,0.978515625
direct,63/pr343,completed_p95_ms,0.6412295,0.619084,1.199709,0.978515625
direct,63/pr343,completed_p99_ms,0.9424165,0.792625,1.796958,0.978515625
direct,63/strict-lru128,cpu_p50_ms,0.11464550000000001,0.108875,0.410708,0.978515625
direct,63/strict-lru128,cpu_p95_ms,0.142896,0.125459,0.544042,0.978515625
direct,63/strict-lru128,cpu_p99_ms,0.18116700000000002,0.154625,0.670334,0.978515625
direct,63/strict-lru128,completed_p50_ms,0.42525,0.350292,0.87125,0.978515625
direct,63/strict-lru128,completed_p95_ms,0.670083,0.6260420000000001,1.200958,0.978515625
direct,63/strict-lru128,completed_p99_ms,0.9482085,0.738708,1.597292,0.978515625
direct,63/upstream,cpu_p50_ms,26.160083999999998,25.50725,29.741166999999997,0.978515625
direct,63/upstream,cpu_p95_ms,28.0913755,26.034292,59.433208,0.978515625
direct,63/upstream,cpu_p99_ms,28.375229,26.099375000000002,64.682417,0.978515625
direct,63/upstream,completed_p50_ms,26.563353999999997,25.912833,30.124499999999998,0.978515625
direct,63/upstream,completed_p95_ms,28.499521,26.458583,59.996874999999996,0.978515625
direct,63/upstream,completed_p99_ms,28.661271,26.992917000000002,65.26462500000001,0.978515625
direct,64/flush-lru64,cpu_p50_ms,0.115146,0.110625,0.451708,0.978515625
direct,64/flush-lru64,cpu_p95_ms,0.148875,0.131292,0.631,0.978515625
direct,64/flush-lru64,cpu_p99_ms,0.196729,0.138917,0.804375,0.978515625
direct,64/flush-lru64,completed_p50_ms,0.47281300000000004,0.35070799999999996,0.942041,0.978515625
direct,64/flush-lru64,completed_p95_ms,0.742125,0.626792,1.149375,0.978515625
direct,64/flush-lru64,completed_p99_ms,1.0195210000000001,0.94475,1.610417,0.978515625
direct,64/pr343,cpu_p50_ms,0.1128125,0.10925,0.218833,0.978515625
direct,64/pr343,cpu_p95_ms,0.134687,0.126833,0.606917,0.978515625
direct,64/pr343,cpu_p99_ms,0.1754585,0.15687500000000001,0.664291,0.978515625
direct,64/pr343,completed_p50_ms,0.376854,0.355,0.849625,0.978515625
direct,64/pr343,completed_p95_ms,0.7188749999999999,0.5900420000000001,1.107958,0.978515625
direct,64/pr343,completed_p99_ms,0.9596875,0.872458,1.583125,0.978515625
direct,64/strict-lru128,cpu_p50_ms,0.114813,0.109584,0.130458,0.978515625
direct,64/strict-lru128,cpu_p95_ms,0.140125,0.131792,0.236,0.978515625
direct,64/strict-lru128,cpu_p99_ms,0.18077100000000002,0.15475,0.26658299999999996,0.978515625
direct,64/strict-lru128,completed_p50_ms,0.441292,0.354334,0.601208,0.978515625
direct,64/strict-lru128,completed_p95_ms,0.685146,0.633084,0.9395840000000001,0.978515625
direct,64/strict-lru128,completed_p99_ms,0.8835005,0.826916,1.111333,0.978515625
direct,64/upstream,cpu_p50_ms,26.612958,26.025083000000002,28.873875,0.978515625
direct,64/upstream,cpu_p95_ms,27.39075,26.624125,46.260667,0.978515625
direct,64/upstream,cpu_p99_ms,28.562562500000002,26.924666,49.651792,0.978515625
direct,64/upstream,completed_p50_ms,26.996396,26.407708,29.278042,0.978515625
direct,64/upstream,completed_p95_ms,27.7775625,27.110583000000002,48.008584,0.978515625
direct,64/upstream,completed_p99_ms,28.8722295,27.299125,51.387042,0.978515625
direct,65/flush-lru64,cpu_p50_ms,0.977292,0.9239580000000001,1.0445,0.978515625
direct,65/flush-lru64,cpu_p95_ms,1.1950414999999999,1.025875,1.460041,0.978515625
direct,65/flush-lru64,cpu_p99_ms,1.3595000000000002,1.207667,1.788584,0.978515625
direct,65/flush-lru64,completed_p50_ms,1.1865835,1.128541,1.273834,0.978515625
direct,65/flush-lru64,completed_p95_ms,1.52275,1.288792,1.904375,0.978515625
direct,65/flush-lru64,completed_p99_ms,1.8102705000000001,1.5017500000000001,2.187917,0.978515625
direct,65/pr343,cpu_p50_ms,26.7586665,26.115042000000003,28.327749999999998,0.978515625
direct,65/pr343,cpu_p95_ms,27.5833535,26.659,30.073292000000002,0.978515625
direct,65/pr343,cpu_p99_ms,28.015021,26.880625,30.798542,0.978515625
direct,65/pr343,completed_p50_ms,27.184375,26.529625000000003,28.782417000000002,0.978515625
direct,65/pr343,completed_p95_ms,28.136354,27.111458000000002,30.443167,0.978515625
direct,65/pr343,completed_p99_ms,28.535521,27.265584,31.204083,0.978515625
direct,65/strict-lru128,cpu_p50_ms,0.11266699999999999,0.11012499999999999,0.12033400000000001,0.978515625
direct,65/strict-lru128,cpu_p95_ms,0.1312295,0.12575,0.17133400000000001,0.978515625
direct,65/strict-lru128,cpu_p99_ms,0.16487500000000002,0.152417,0.2215,0.978515625
direct,65/strict-lru128,completed_p50_ms,0.3941875,0.35525,0.603041,0.978515625
direct,65/strict-lru128,completed_p95_ms,0.7743955,0.6409579999999999,0.8940830000000001,0.978515625
direct,65/strict-lru128,completed_p99_ms,0.9395,0.762709,1.290667,0.978515625
direct,65/upstream,cpu_p50_ms,26.958792000000003,26.362416,28.454250000000002,0.978515625
direct,65/upstream,cpu_p95_ms,27.631020499999998,26.788208,41.635791999999995,0.978515625
direct,65/upstream,cpu_p99_ms,28.870354,27.020791999999997,57.105375,0.978515625
direct,65/upstream,completed_p50_ms,27.3469585,26.733916,28.943334,0.978515625
direct,65/upstream,completed_p95_ms,28.070395500000004,27.18975,43.884625,0.978515625
direct,65/upstream,completed_p99_ms,29.324313,27.460790999999997,59.18825,0.978515625
direct,80/flush-lru64,cpu_p50_ms,7.091125,6.799625,8.201875000000001,0.978515625
direct,80/flush-lru64,cpu_p95_ms,7.471375,7.098833,9.28875,0.978515625
direct,80/flush-lru64,cpu_p99_ms,7.9048335,7.299625,10.805708000000001,0.978515625
direct,80/flush-lru64,completed_p50_ms,7.4749375,7.2277499999999995,8.654375,0.978515625
direct,80/flush-lru64,completed_p95_ms,8.081771,7.673333,9.942166,0.978515625
direct,80/flush-lru64,completed_p99_ms,8.4468125,7.987875,11.838125,0.978515625
direct,80/pr343,cpu_p50_ms,32.849104499999996,32.307584,34.089875,0.978515625
direct,80/pr343,cpu_p95_ms,33.403437499999995,32.831708,39.071292,0.978515625
direct,80/pr343,cpu_p99_ms,33.9827085,33.168416,41.35470900000001,0.978515625
direct,80/pr343,completed_p50_ms,33.3381045,32.77275,34.580042,0.978515625
direct,80/pr343,completed_p95_ms,34.0839585,33.384291000000005,40.098375,0.978515625
direct,80/pr343,completed_p99_ms,34.717875,33.797000000000004,41.615209,0.978515625
direct,80/strict-lru128,cpu_p50_ms,0.122396,0.11950000000000001,0.148417,0.978515625
direct,80/strict-lru128,cpu_p95_ms,0.15439550000000002,0.1395,0.21925,0.978515625
direct,80/strict-lru128,cpu_p99_ms,0.1970205,0.163542,0.274875,0.978515625
direct,80/strict-lru128,completed_p50_ms,0.4394585,0.38041600000000003,0.700875,0.978515625
direct,80/strict-lru128,completed_p95_ms,0.8324375,0.702875,0.930917,0.978515625
direct,80/strict-lru128,completed_p99_ms,0.9877290000000001,0.7825840000000001,1.399583,0.978515625
direct,80/upstream,cpu_p50_ms,33.113271,32.704958,34.743,0.978515625
direct,80/upstream,cpu_p95_ms,33.76325,33.109,42.630375,0.978515625
direct,80/upstream,cpu_p99_ms,34.677020999999996,33.252334000000005,44.798667,0.978515625
direct,80/upstream,completed_p50_ms,33.59587499999999,33.155625,35.265709,0.978515625
direct,80/upstream,completed_p95_ms,34.384604,33.630874999999996,43.194207999999996,0.978515625
direct,80/upstream,completed_p99_ms,35.359229,33.936333,45.883250000000004,0.978515625
direct,mixed/flush-lru64,cpu_p50_ms,0.39949999999999997,0.393542,0.450625,0.978515625
direct,mixed/flush-lru64,cpu_p95_ms,0.483125,0.44983300000000004,1.586792,0.978515625
direct,mixed/flush-lru64,cpu_p99_ms,0.5416665,0.496,2.948084,0.978515625
direct,mixed/flush-lru64,completed_p50_ms,0.7816255,0.723166,0.9120419999999999,0.978515625
direct,mixed/flush-lru64,completed_p95_ms,1.073687,0.864958,3.44675,0.978515625
direct,mixed/flush-lru64,completed_p99_ms,1.7620209999999998,0.972667,4.695125,0.978515625
direct,mixed/pr343,cpu_p50_ms,0.4026875,0.389334,0.817375,0.978515625
direct,mixed/pr343,cpu_p95_ms,0.465292,0.44820899999999997,1.544375,0.978515625
direct,mixed/pr343,cpu_p99_ms,0.5208545,0.49304100000000006,1.7073749999999999,0.978515625
direct,mixed/pr343,completed_p50_ms,0.783375,0.716291,1.661,0.978515625
direct,mixed/pr343,completed_p95_ms,1.0211665,0.914458,2.4292089999999997,0.978515625
direct,mixed/pr343,completed_p99_ms,1.6102919999999998,1.025083,2.811708,0.978515625
direct,mixed/strict-lru128,cpu_p50_ms,0.40066650000000004,0.39375,0.5725,0.978515625
direct,mixed/strict-lru128,cpu_p95_ms,0.4515625,0.439083,0.9572499999999999,0.978515625
direct,mixed/strict-lru128,cpu_p99_ms,0.5101454999999999,0.477458,1.31875,0.978515625
direct,mixed/strict-lru128,completed_p50_ms,0.7802290000000001,0.72175,1.021042,0.978515625
direct,mixed/strict-lru128,completed_p95_ms,1.066125,0.908042,1.871,0.978515625
direct,mixed/strict-lru128,completed_p99_ms,1.5828335,1.234291,2.041667,0.978515625
direct,mixed/upstream,cpu_p50_ms,10.023729,9.761083000000001,11.687291,0.978515625
direct,mixed/upstream,cpu_p95_ms,10.418062500000001,10.080541,20.451708,0.978515625
direct,mixed/upstream,cpu_p99_ms,10.8606245,10.273209,23.792375,0.978515625
direct,mixed/upstream,completed_p50_ms,10.5023125,10.242375,12.558665999999999,0.978515625
direct,mixed/upstream,completed_p95_ms,11.077396,10.724957999999999,20.99375,0.978515625
direct,mixed/upstream,completed_p99_ms,11.570687499999998,10.960875,24.399834,0.978515625
policies,batch-single/scale64/cap64/flush-lru,cpu_ms_p50,0.22241650000000002,0.219417,0.224708,0.978515625
policies,batch-single/scale64/cap64/flush-lru,cpu_ms_p95,0.2510205,0.242417,0.253708,0.978515625
policies,batch-single/scale64/cap64/flush-lru,cpu_ms_p99,0.27583349999999995,0.26154200000000005,0.33599999999999997,0.978515625
policies,batch-single/scale64/cap64/flush-lru,completed_ms_p50,0.6595415,0.655333,0.663417,0.978515625
policies,batch-single/scale64/cap64/flush-lru,completed_ms_p95,0.9729995,0.7282919999999999,1.635292,0.978515625
policies,batch-single/scale64/cap64/flush-lru,completed_ms_p99,1.6961045000000001,1.235375,1.7175,0.978515625
policies,batch-single/scale64/cap64/lru,cpu_ms_p50,100.4835625,99.326792,101.21108299999999,0.978515625
policies,batch-single/scale64/cap64/lru,cpu_ms_p95,102.115875,100.493875,102.602416,0.978515625
policies,batch-single/scale64/cap64/lru,cpu_ms_p99,103.24256249999999,101.855709,107.417709,0.978515625
policies,batch-single/scale64/cap64/lru,completed_ms_p50,102.35849999999999,101.270917,103.14491600000001,0.978515625
policies,batch-single/scale64/cap64/lru,completed_ms_p95,103.916104,102.382875,104.46362500000001,0.978515625
policies,batch-single/scale64/cap64/lru,completed_ms_p99,105.156375,103.321167,109.18975,0.978515625
policies,batch-single/scale64/cap64/retain,cpu_ms_p50,0.238792,0.23558300000000001,0.241833,0.978515625
policies,batch-single/scale64/cap64/retain,cpu_ms_p95,0.264792,0.25875,0.271958,0.978515625
policies,batch-single/scale64/cap64/retain,cpu_ms_p99,0.286729,0.281208,0.324667,0.978515625
policies,batch-single/scale64/cap64/retain,completed_ms_p50,0.6742505,0.672041,0.6784579999999999,0.978515625
policies,batch-single/scale64/cap64/retain,completed_ms_p95,1.618458,0.743291,1.659791,0.978515625
policies,batch-single/scale64/cap64/retain,completed_ms_p99,1.727438,1.630584,1.8178750000000001,0.978515625
policies,batch-single/scale64/cap64/s3fifo,cpu_ms_p50,100.68168750000001,99.55550000000001,101.489541,0.978515625
policies,batch-single/scale64/cap64/s3fifo,cpu_ms_p95,101.96368749999999,100.531541,102.68325,0.978515625
policies,batch-single/scale64/cap64/s3fifo,cpu_ms_p99,104.04668749999999,100.92058399999999,106.025958,0.978515625
policies,batch-single/scale64/cap64/s3fifo,completed_ms_p50,102.584271,101.412875,103.411458,0.978515625
policies,batch-single/scale64/cap64/s3fifo,completed_ms_p95,103.9154795,102.41799999999999,104.626375,0.978515625
policies,batch-single/scale64/cap64/s3fifo,completed_ms_p99,105.89979149999999,102.89345900000001,107.66924999999999,0.978515625
policies,batch-split/scale64/cap64/flush-lru,cpu_ms_p50,102.737146,102.049125,103.430833,0.978515625
policies,batch-split/scale64/cap64/flush-lru,cpu_ms_p95,104.034875,103.144209,105.26062499999999,0.978515625
policies,batch-split/scale64/cap64/flush-lru,cpu_ms_p99,106.6513535,104.175292,115.376541,0.978515625
policies,batch-split/scale64/cap64/flush-lru,completed_ms_p50,103.21825,102.553792,103.934416,0.978515625
policies,batch-split/scale64/cap64/flush-lru,completed_ms_p95,104.551979,103.664459,105.95595800000001,0.978515625
policies,batch-split/scale64/cap64/flush-lru,completed_ms_p99,107.2107705,104.69470799999999,115.870208,0.978515625
policies,batch-split/scale64/cap64/lru,cpu_ms_p50,102.71006249999999,101.554541,103.64016600000001,0.978515625
policies,batch-split/scale64/cap64/lru,cpu_ms_p95,104.0774375,103.019458,105.42125,0.978515625
policies,batch-split/scale64/cap64/lru,cpu_ms_p99,106.0947495,103.412875,110.21875,0.978515625
policies,batch-split/scale64/cap64/lru,completed_ms_p50,103.2035205,102.0805,104.102917,0.978515625
policies,batch-split/scale64/cap64/lru,completed_ms_p95,104.559,103.588209,105.88537500000001,0.978515625
policies,batch-split/scale64/cap64/lru,completed_ms_p99,106.58587449999999,103.948875,110.728375,0.978515625
policies,batch-split/scale64/cap64/retain,cpu_ms_p50,1.560521,1.5311249999999998,1.583833,0.978515625
policies,batch-split/scale64/cap64/retain,cpu_ms_p95,1.687542,1.6772079999999998,1.7119170000000001,0.978515625
policies,batch-split/scale64/cap64/retain,cpu_ms_p99,1.7424165,1.7285,1.9559170000000001,0.978515625
policies,batch-split/scale64/cap64/retain,completed_ms_p50,1.707208,1.6813749999999998,1.72825,0.978515625
policies,batch-split/scale64/cap64/retain,completed_ms_p95,1.9355205,1.8864999999999998,1.9755829999999999,0.978515625
policies,batch-split/scale64/cap64/retain,completed_ms_p99,2.1384790000000002,2.0815,2.2993750000000004,0.978515625
policies,batch-split/scale64/cap64/s3fifo,cpu_ms_p50,102.8800415,102.078292,103.739042,0.978515625
policies,batch-split/scale64/cap64/s3fifo,cpu_ms_p95,104.051562,103.355292,105.187083,0.978515625
policies,batch-split/scale64/cap64/s3fifo,cpu_ms_p99,108.023188,103.965042,111.02525,0.978515625
policies,batch-split/scale64/cap64/s3fifo,completed_ms_p50,103.37297950000001,102.58775,104.380291,0.978515625
policies,batch-split/scale64/cap64/s3fifo,completed_ms_p95,104.60475,103.8555,105.777708,0.978515625
policies,batch-split/scale64/cap64/s3fifo,completed_ms_p99,108.615271,104.53475,112.10070900000001,0.978515625
policies,cycle-plus/scale128/cap128/flush-lru,cpu_ms_p50,0.9572915,0.951584,0.970958,0.978515625
policies,cycle-plus/scale128/cap128/flush-lru,cpu_ms_p95,1.0737079999999999,1.034416,1.123791,0.978515625
policies,cycle-plus/scale128/cap128/flush-lru,cpu_ms_p99,1.275,1.254667,1.402209,0.978515625
policies,cycle-plus/scale128/cap128/flush-lru,completed_ms_p50,1.323292,1.188667,1.3280830000000001,0.978515625
policies,cycle-plus/scale128/cap128/flush-lru,completed_ms_p95,1.532854,1.450584,1.60425,0.978515625
policies,cycle-plus/scale128/cap128/flush-lru,completed_ms_p99,1.8760620000000001,1.788667,2.1640420000000002,0.978515625
policies,cycle-plus/scale128/cap128/lru,cpu_ms_p50,50.971542,50.511292,51.520291,0.978515625
policies,cycle-plus/scale128/cap128/lru,cpu_ms_p95,51.8515205,51.132417,52.272208,0.978515625
policies,cycle-plus/scale128/cap128/lru,cpu_ms_p99,52.2402085,51.622625,52.888666,0.978515625
policies,cycle-plus/scale128/cap128/lru,completed_ms_p50,51.6702085,51.202334,52.25125,0.978515625
policies,cycle-plus/scale128/cap128/lru,completed_ms_p95,52.456792,51.974416000000005,52.984333,0.978515625
policies,cycle-plus/scale128/cap128/lru,completed_ms_p99,53.055979,52.333375000000004,53.686416,0.978515625
policies,cycle-plus/scale128/cap128/retain,cpu_ms_p50,0.1701875,0.166792,0.172042,0.978515625
policies,cycle-plus/scale128/cap128/retain,cpu_ms_p95,0.204208,0.194625,0.208292,0.978515625
policies,cycle-plus/scale128/cap128/retain,cpu_ms_p99,0.24562499999999998,0.231584,0.285375,0.978515625
policies,cycle-plus/scale128/cap128/retain,completed_ms_p50,0.47775,0.47437500000000005,0.492792,0.978515625
policies,cycle-plus/scale128/cap128/retain,completed_ms_p95,1.0591875000000002,0.796541,1.0865,0.978515625
policies,cycle-plus/scale128/cap128/retain,completed_ms_p99,1.2675625,1.082584,1.5764170000000002,0.978515625
policies,cycle-plus/scale128/cap128/s3fifo,cpu_ms_p50,2.1955419999999997,2.106667,2.362458,0.978515625
policies,cycle-plus/scale128/cap128/s3fifo,cpu_ms_p95,5.2404375,5.12675,5.425166,0.978515625
policies,cycle-plus/scale128/cap128/s3fifo,cpu_ms_p99,5.7599374999999995,5.573792,6.492541,0.978515625
policies,cycle-plus/scale128/cap128/s3fifo,completed_ms_p50,3.2875630000000005,3.17775,3.501584,0.978515625
policies,cycle-plus/scale128/cap128/s3fifo,completed_ms_p95,6.4025835,6.294583,6.600499999999999,0.978515625
policies,cycle-plus/scale128/cap128/s3fifo,completed_ms_p99,7.099249499999999,6.742708,7.6267499999999995,0.978515625
policies,cycle-plus/scale64/cap64/flush-lru,cpu_ms_p50,0.9163125000000001,0.9093330000000001,0.922083,0.978515625
policies,cycle-plus/scale64/cap64/flush-lru,cpu_ms_p95,1.0179585,0.99375,1.133459,0.978515625
policies,cycle-plus/scale64/cap64/flush-lru,cpu_ms_p99,1.233792,1.217917,1.3039589999999999,0.978515625
policies,cycle-plus/scale64/cap64/flush-lru,completed_ms_p50,1.141188,1.069375,1.151459,0.978515625
policies,cycle-plus/scale64/cap64/flush-lru,completed_ms_p95,1.308687,1.222458,1.416084,0.978515625
policies,cycle-plus/scale64/cap64/flush-lru,completed_ms_p99,1.6160835,1.415084,1.9954999999999998,0.978515625
policies,cycle-plus/scale64/cap64/lru,cpu_ms_p50,25.561979,25.173542,26.050250000000002,0.978515625
policies,cycle-plus/scale64/cap64/lru,cpu_ms_p95,26.06075,25.772459,26.453666000000002,0.978515625
policies,cycle-plus/scale64/cap64/lru,cpu_ms_p99,26.718729500000002,25.918457999999998,27.392041,0.978515625
policies,cycle-plus/scale64/cap64/lru,completed_ms_p50,25.949416499999998,25.603417,26.426000000000002,0.978515625
policies,cycle-plus/scale64/cap64/lru,completed_ms_p95,26.44875,26.255542,26.966875,0.978515625
policies,cycle-plus/scale64/cap64/lru,completed_ms_p99,27.1706455,26.384625,27.884083,0.978515625
policies,cycle-plus/scale64/cap64/retain,cpu_ms_p50,0.1192705,0.117625,0.121541,0.978515625
policies,cycle-plus/scale64/cap64/retain,cpu_ms_p95,0.13460450000000002,0.130917,0.143375,0.978515625
policies,cycle-plus/scale64/cap64/retain,cpu_ms_p99,0.1690835,0.16595800000000002,0.18212499999999998,0.978515625
policies,cycle-plus/scale64/cap64/retain,completed_ms_p50,0.36602100000000004,0.362542,0.598916,0.978515625
policies,cycle-plus/scale64/cap64/retain,completed_ms_p95,0.6604165,0.64725,0.7939579999999999,0.978515625
policies,cycle-plus/scale64/cap64/retain,completed_ms_p99,0.7718955,0.746292,1.365334,0.978515625
policies,cycle-plus/scale64/cap64/s3fifo,cpu_ms_p50,1.64125,1.628625,1.7595,0.978515625
policies,cycle-plus/scale64/cap64/s3fifo,cpu_ms_p95,3.0923955000000003,3.038166,3.1202080000000003,0.978515625
policies,cycle-plus/scale64/cap64/s3fifo,cpu_ms_p99,3.363542,3.217666,3.664917,0.978515625
policies,cycle-plus/scale64/cap64/s3fifo,completed_ms_p50,2.4226665,2.3890000000000002,2.468417,0.978515625
policies,cycle-plus/scale64/cap64/s3fifo,completed_ms_p95,3.8770415,3.838292,3.9241249999999996,0.978515625
policies,cycle-plus/scale64/cap64/s3fifo,completed_ms_p99,4.2860835,4.056625,4.3786249999999995,0.978515625
policies,hot-scan/scale64/cap64/flush-lru,cpu_ms_p50,0.12075,0.118916,0.126583,0.978515625
policies,hot-scan/scale64/cap64/flush-lru,cpu_ms_p95,112.647042,112.204125,114.897584,0.978515625
policies,hot-scan/scale64/cap64/flush-lru,cpu_ms_p99,114.63466700000001,112.89295800000001,119.149959,0.978515625
policies,hot-scan/scale64/cap64/flush-lru,completed_ms_p50,0.6366665,0.62075,0.869375,0.978515625
policies,hot-scan/scale64/cap64/flush-lru,completed_ms_p95,114.3285835,113.806375,116.597959,0.978515625
policies,hot-scan/scale64/cap64/flush-lru,completed_ms_p99,116.215729,114.53258299999999,120.87129200000001,0.978515625
policies,hot-scan/scale64/cap64/lru,cpu_ms_p50,0.120396,0.118958,0.123125,0.978515625
policies,hot-scan/scale64/cap64/lru,cpu_ms_p95,119.4549585,117.605625,120.531875,0.978515625
policies,hot-scan/scale64/cap64/lru,cpu_ms_p99,121.473375,119.760542,124.740375,0.978515625
policies,hot-scan/scale64/cap64/lru,completed_ms_p50,0.6264375,0.6194590000000001,0.6315000000000001,0.978515625
policies,hot-scan/scale64/cap64/lru,completed_ms_p95,121.234083,119.369958,122.08166700000001,0.978515625
policies,hot-scan/scale64/cap64/lru,completed_ms_p99,123.3589585,121.314042,126.184708,0.978515625
policies,hot-scan/scale64/cap64/retain,cpu_ms_p50,0.12845800000000002,0.12362500000000001,0.132917,0.978515625
policies,hot-scan/scale64/cap64/retain,cpu_ms_p95,112.564292,111.201292,114.115625,0.978515625
policies,hot-scan/scale64/cap64/retain,cpu_ms_p99,114.2087085,113.35870800000001,115.85229199999999,0.978515625
policies,hot-scan/scale64/cap64/retain,completed_ms_p50,0.6391039999999999,0.629208,0.727167,0.978515625
policies,hot-scan/scale64/cap64/retain,completed_ms_p95,114.617271,113.346,116.1965,0.978515625
policies,hot-scan/scale64/cap64/retain,completed_ms_p99,116.29945850000001,115.596208,117.84450000000001,0.978515625
policies,hot-scan/scale64/cap64/s3fifo,cpu_ms_p50,0.12725,0.12495900000000001,0.129042,0.978515625
policies,hot-scan/scale64/cap64/s3fifo,cpu_ms_p95,112.622812,111.507041,113.309541,0.978515625
policies,hot-scan/scale64/cap64/s3fifo,cpu_ms_p99,114.181771,113.608208,115.353834,0.978515625
policies,hot-scan/scale64/cap64/s3fifo,completed_ms_p50,0.643354,0.6292500000000001,0.863625,0.978515625
policies,hot-scan/scale64/cap64/s3fifo,completed_ms_p95,114.8493335,113.603541,115.342,0.978515625
policies,hot-scan/scale64/cap64/s3fifo,completed_ms_p99,116.5564795,115.829583,117.610917,0.978515625
policies,shuffle-plus/scale128/cap128/flush-lru,cpu_ms_p50,0.9623755,0.9575,0.9688329999999999,0.978515625
policies,shuffle-plus/scale128/cap128/flush-lru,cpu_ms_p95,1.0510415,1.042,1.0833329999999999,0.978515625
policies,shuffle-plus/scale128/cap128/flush-lru,cpu_ms_p99,1.278063,1.250542,1.3014590000000001,0.978515625
policies,shuffle-plus/scale128/cap128/flush-lru,completed_ms_p50,1.327729,1.319833,1.329709,0.978515625
policies,shuffle-plus/scale128/cap128/flush-lru,completed_ms_p95,1.4840209999999998,1.409958,1.5865,0.978515625
policies,shuffle-plus/scale128/cap128/flush-lru,completed_ms_p99,2.028458,1.735375,2.147709,0.978515625
policies,shuffle-plus/scale128/cap128/lru,cpu_ms_p50,2.516584,2.49675,2.763291,0.978515625
policies,shuffle-plus/scale128/cap128/lru,cpu_ms_p95,3.8986875000000003,3.675084,4.095958,0.978515625
policies,shuffle-plus/scale128/cap128/lru,cpu_ms_p99,4.439645499999999,3.968417,5.110208,0.978515625
policies,shuffle-plus/scale128/cap128/lru,completed_ms_p50,3.203563,3.1325,3.406125,0.978515625
policies,shuffle-plus/scale128/cap128/lru,completed_ms_p95,4.5677710000000005,4.3609160000000005,4.774834,0.978515625
policies,shuffle-plus/scale128/cap128/lru,completed_ms_p99,5.2296875,4.693875,5.83475,0.978515625
policies,shuffle-plus/scale128/cap128/retain,cpu_ms_p50,0.1731875,0.171542,0.174459,0.978515625
policies,shuffle-plus/scale128/cap128/retain,cpu_ms_p95,0.20668750000000002,0.20133299999999998,0.21754099999999998,0.978515625
policies,shuffle-plus/scale128/cap128/retain,cpu_ms_p99,0.23054200000000002,0.2255,0.257958,0.978515625
policies,shuffle-plus/scale128/cap128/retain,completed_ms_p50,0.481396,0.478375,0.49066699999999996,0.978515625
policies,shuffle-plus/scale128/cap128/retain,completed_ms_p95,1.0477705,0.98125,1.069917,0.978515625
policies,shuffle-plus/scale128/cap128/retain,completed_ms_p99,1.0990415,1.079458,1.282291,0.978515625
policies,shuffle-plus/scale128/cap128/s3fifo,cpu_ms_p50,2.031479,1.792,2.057083,0.978515625
policies,shuffle-plus/scale128/cap128/s3fifo,cpu_ms_p95,3.2394165,3.205584,3.5080419999999997,0.978515625
policies,shuffle-plus/scale128/cap128/s3fifo,cpu_ms_p99,3.821271,3.559208,4.161875,0.978515625
policies,shuffle-plus/scale128/cap128/s3fifo,completed_ms_p50,2.850396,2.779,3.1200419999999998,0.978515625
policies,shuffle-plus/scale128/cap128/s3fifo,completed_ms_p95,4.260187499999999,4.104,4.339417,0.978515625
policies,shuffle-plus/scale128/cap128/s3fifo,completed_ms_p99,4.889417,4.681916,5.13,0.978515625
policies,shuffle-plus/scale64/cap64/flush-lru,cpu_ms_p50,0.9179375000000001,0.911958,0.922334,0.978515625
policies,shuffle-plus/scale64/cap64/flush-lru,cpu_ms_p95,1.0200005,0.969542,1.085375,0.978515625
policies,shuffle-plus/scale64/cap64/flush-lru,cpu_ms_p99,1.2536665,1.201333,1.364917,0.978515625
policies,shuffle-plus/scale64/cap64/flush-lru,completed_ms_p50,1.149375,1.143584,1.157708,0.978515625
policies,shuffle-plus/scale64/cap64/flush-lru,completed_ms_p95,1.313083,1.220291,1.474709,0.978515625
policies,shuffle-plus/scale64/cap64/flush-lru,completed_ms_p99,1.8858335,1.535958,2.0625,0.978515625
policies,shuffle-plus/scale64/cap64/lru,cpu_ms_p50,2.3325835,2.061167,2.354125,0.978515625
policies,shuffle-plus/scale64/cap64/lru,cpu_ms_p95,3.3614794999999997,3.1653330000000004,3.841958,0.978515625
policies,shuffle-plus/scale64/cap64/lru,cpu_ms_p99,4.068645500000001,3.9094580000000003,4.4258750000000004,0.978515625
policies,shuffle-plus/scale64/cap64/lru,completed_ms_p50,2.685063,2.4086250000000002,2.7008750000000004,0.978515625
policies,shuffle-plus/scale64/cap64/lru,completed_ms_p95,3.8114375000000003,3.543125,4.221208,0.978515625
policies,shuffle-plus/scale64/cap64/lru,completed_ms_p99,4.4788335,4.272125,4.745209,0.978515625
policies,shuffle-plus/scale64/cap64/retain,cpu_ms_p50,0.1210415,0.11925,0.121833,0.978515625
policies,shuffle-plus/scale64/cap64/retain,cpu_ms_p95,0.138812,0.132542,0.145334,0.978515625
policies,shuffle-plus/scale64/cap64/retain,cpu_ms_p99,0.172458,0.154458,0.185,0.978515625
policies,shuffle-plus/scale64/cap64/retain,completed_ms_p50,0.3829375,0.36325,0.386375,0.978515625
policies,shuffle-plus/scale64/cap64/retain,completed_ms_p95,0.6563129999999999,0.647042,0.665875,0.978515625
policies,shuffle-plus/scale64/cap64/retain,completed_ms_p99,0.9336665,0.8589589999999999,1.5835409999999999,0.978515625
policies,shuffle-plus/scale64/cap64/s3fifo,cpu_ms_p50,1.3000205,1.258333,1.587583,0.978515625
policies,shuffle-plus/scale64/cap64/s3fifo,cpu_ms_p95,2.362125,2.0822499999999997,2.5915,0.978515625
policies,shuffle-plus/scale64/cap64/s3fifo,cpu_ms_p99,2.926646,2.734,3.394125,0.978515625
policies,shuffle-plus/scale64/cap64/s3fifo,completed_ms_p50,1.778562,1.731791,1.9910420000000002,0.978515625
policies,shuffle-plus/scale64/cap64/s3fifo,completed_ms_p95,3.1275204999999997,2.836583,3.209708,0.978515625
policies,shuffle-plus/scale64/cap64/s3fifo,completed_ms_p99,3.7185,3.275458,4.153874999999999,0.978515625
policies,switch/scale64/cap64/flush-lru,cpu_ms_p50,0.10587450000000001,0.10225000000000001,0.10658300000000001,0.978515625
policies,switch/scale64/cap64/flush-lru,cpu_ms_p95,0.1528545,0.147084,0.180958,0.978515625
policies,switch/scale64/cap64/flush-lru,cpu_ms_p99,20.5420835,20.228125,21.195458000000002,0.978515625
policies,switch/scale64/cap64/flush-lru,completed_ms_p50,0.5259585,0.521834,0.529375,0.978515625
policies,switch/scale64/cap64/flush-lru,completed_ms_p95,0.9282295,0.6234580000000001,1.391167,0.978515625
policies,switch/scale64/cap64/flush-lru,completed_ms_p99,21.272250500000002,21.021459,21.957333,0.978515625
policies,switch/scale64/cap64/lru,cpu_ms_p50,0.10697899999999999,0.104709,0.10825,0.978515625
policies,switch/scale64/cap64/lru,cpu_ms_p95,0.1687705,0.152458,0.2235,0.978515625
policies,switch/scale64/cap64/lru,cpu_ms_p99,20.668291500000002,20.546917,20.898584,0.978515625
policies,switch/scale64/cap64/lru,completed_ms_p50,0.5297295,0.525458,0.533,0.978515625
policies,switch/scale64/cap64/lru,completed_ms_p95,1.348396,0.925292,1.4727080000000001,0.978515625
policies,switch/scale64/cap64/lru,completed_ms_p99,21.4358955,21.253999999999998,21.699459,0.978515625
policies,switch/scale64/cap64/retain,cpu_ms_p50,0.107292,0.10629200000000001,0.108916,0.978515625
policies,switch/scale64/cap64/retain,cpu_ms_p95,0.124479,0.12108300000000001,0.134958,0.978515625
policies,switch/scale64/cap64/retain,cpu_ms_p99,20.5497085,20.298541,20.885541,0.978515625
policies,switch/scale64/cap64/retain,completed_ms_p50,0.523104,0.35825,0.525917,0.978515625
policies,switch/scale64/cap64/retain,completed_ms_p95,0.5800000000000001,0.566875,0.6271249999999999,0.978515625
policies,switch/scale64/cap64/retain,completed_ms_p99,21.214437500000003,20.999875000000003,21.695791,0.978515625
policies,switch/scale64/cap64/s3fifo,cpu_ms_p50,0.1115,0.109625,0.113416,0.978515625
policies,switch/scale64/cap64/s3fifo,cpu_ms_p95,14.919937000000001,14.728084,15.106792,0.978515625
policies,switch/scale64/cap64/s3fifo,cpu_ms_p99,20.689999999999998,20.495375,20.934167,0.978515625
policies,switch/scale64/cap64/s3fifo,completed_ms_p50,0.5428535,0.538667,0.553083,0.978515625
policies,switch/scale64/cap64/s3fifo,completed_ms_p95,15.6845415,15.539209,15.903291999999999,0.978515625
policies,switch/scale64/cap64/s3fifo,completed_ms_p99,21.468458499999997,21.251416,21.740167,0.978515625
